{
	"authHost": "http://web:8080",
	"authEndpoint": "/broadcasting/auth",
	"clients": [
		{
			"appId": "4d99a0e7f8ff7afa",
			"key": "707bdbba4987a3189292e3837a6ba36e"
		}
	],
	"database": "redis",
	"databaseConfig": {
		"redis": {
			"host": "redis",
			"port": 6379,
			"db": 1
		},
		"sqlite": {
			"databasePath": "/database/laravel-echo-server.sqlite"
		}
	},
	"devMode": true,
	"host": null,
	"port": "6001",
	"protocol": "http",
	"socketio": {},
	"sslCertPath": "",
	"sslKeyPath": "",
	"sslCertChainPath": "",
	"sslPassphrase": "",
	"subscribers": {
		"http": true,
		"redis": true
	},
	"apiOriginAllow": {
		"allowCors": false,
		"allowOrigin": "",
		"allowMethods": "",
		"allowHeaders": ""
	}
}
